"";"";"ExpoTTotalPais";"ExpoMTotalPais";"ImpoTTotalPais";"ImpoMTotalPais";"TransfTotalPais";"ProdutoTotalTPais";"ProdutoTotalMPais";"FatorDINN";"FatorDemanda";"PIBTPais";"PIBMPais";"TrabalhadoresPais";"RemuneracaoTPais";"RemuneracaoMPais";"RemuneracaoRealPais";"JornadaTotalPais";"AssalariadosPais";"SalarioTPais";"SalarioMPais";"SalarioRealPais";"LucroMPais";"CapitalMPais";"ConsumoIntermediarioPPais";"COXK";"COXT";"COIK";"COIT"
"Australia";0;1305077,50834242;76016,787520943;7428198,60127129;89705,953478912;5185396,99011663;10280835,0492651;547982,647223025;18,7612419870676;10,6994730042657;4396013;226522,854845215;4396013;1446840,03717673;135225,355174026;278028,347715338;6860657000;3751142;1249810,88832191;116810,509061861;242191,975613076;84313,5747217468;468940,125127441;321459,79237781;61051,5171569999;0;165806,299470629;0
"Austria";0;1223943,87977997;80084,9843806297;2478370,12638308;77514,2128457292;1430527,14555499;4058936,2745807;247012,33872;16,4321195273638;8,09851907654752;1881610;117457,588459588;1881610;582673,96196328;71948,211328;74277,9678800588;2631796000;1591210;523897,248321397;64690,5;67425,6272477883;40649,626752;299756,80112;129554,750260412;13053,5598211301;0;100689,849046851;0
"Belgium";0;2466680,63038345;152385,630319049;6731583,04964497;129884,679186362;5806244,25689465;5410302,68362477;324448,06912;16,6754041665254;11,5717528897806;1874100;138369,613383837;1874100;987874,928660331;85369,51472;86010,5246054717;2347603000;1660200;930843,252009134;80440,98944;81094,5374323122;37555,16128;288823,2293744;186078,455736163;20367,0921047856;0;108274,341671901;0
"Bulgaria";0;344536,802043569;2797,52085972475;483170,071318322;7578,66599632974;-188880,842790494;3471815,74138622;26292,8206135915;132,044248595814;86,8830434691445;2181840;10168,6763337077;2181840;476077,521713453;5479,52169611239;14215,7952687064;2334521000;1409520;343530,03777532;3953,93651118265;10881,4103388844;3925,80564117782;19057,5399188408;16124,1442798838;1813,94117902305;0;90841,7255027213;0
"Brazil";0;9887243,07235766;81024,266288716;6809901,14671938;61912,0982980073;-1768135,75216421;73029926,1040588;614400,901028962;118,863637702602;67,512773739585;43687826;262243,548407601;43687826;7903089,66291196;117060,657193501;633677,805595362;74818406000;35743443;7185696,40184563;106434,619758963;582009,19328785;110014,547733209;531932,624275412;352157,352621361;52669,5817968497;0;166574,15137582;0
"Canada";0;4319090,29216985;265427,102798769;11103086,8912351;239295,136315069;8574067,29445209;13691738,2171017;798550,829347467;17,1457316352547;10,4931715055104;6784539;385824,258776906;6784539;2690426,83573503;256397,871160515;425687,574142651;10590257000;5990363;2208786,50460559;210497,512925018;350324,311031807;120346,218523329;492703,577148231;412726,570570561;47435,5042844611;0;274521,778678025;0
"Switzerland";0;1075991,68878816;88449,094115627;3272573,20011747;87783,0090242056;2242209,1300365;4769192,40915576;336393,850460085;14,1774066399637;7,83502977155333;1920625;150155,047244443;1920625;811237,870831998;103539,858109712;153611,689017931;2854886000;1614812;745088,107448855;95097,0358981977;141236,495364859;40698,6806758681;304091,616708928;186238,803215642;26125,4803518313;0;102120,275187116;0
"China, People's Republic of";0;86434907,7627246;403265,642582482;31013802,4320002;371397,973420467;-53238132,199606;1048863389,86102;3503466,47863473;299,378742812962;368,937566968981;550876526;1150395,4735705;550876526;212760351,525666;576683,890647422;7735872,22644544;0;0;212760351,525666;576683,890647422;7735872,22644544;552565,068006513;2409075,22552917;2353071,00506423;206585,04319349;0;148933,127990629;0
"Cyprus";0;36988,1383992407;2902,13208183913;358400,607460043;5000,46414991453;177674,23387689;350382,517404851;11338,5832;30,9017900406508;22,7253749802967;133900;5191,43756314192;133900;68852,7191365484;3029,77263064943;3259,44616854777;170821000;97170;51536,7688934127;2267,80719517702;2460,71678179813;1953,13073032589;8766,37588080988;6147,14563685808;2114,704300747;0;91726,4681555065;0
"Czech Republic";0;1357743,18492216;38835,9682239826;1403215,70028635;37649,5126992813;126746,125885321;5435623,11578824;139351,8991068;39,0064516567683;18,9245865447778;2813560;50148,3376674114;2813560;499787,221528765;26409,412979576;882151,436005211;4144270000;2451810;439544,632061213;23226,1154568;775837,561790796;20351,420373172;169805,5008248;89203,5614393886;10099,7700437304;0;99345,4369268585;0
"Germany";0;9538293,82303604;687204,829427063;25805256,5963489;522907,614215331;27521516,8638989;38511945,6031081;2317896,672;16,6150398627899;9,89784888083224;18473000;1024914,93926937;18473000;7283602,04893164;735877,2736;718392,434168197;2,3522e+10;16773000;6734158,82228003;680365,896;664704,679589665;246869,6944;2130387,8288;1292981,73273063;154095,763980172;0;85442,5117793183;0
"Denmark";0;1226172,50802075;70338,5160799019;2775066,25096723;50536,1788736438;2905377,32619313;3609529,15352797;197618,018947;18,2651823591857;7,78068804888737;1428000;96435,3997191258;1428000;488259,895838738;62752,791626;485019,036806079;1952530000;1329000;460314,83789193;59161,199498;458860,3558157;28530,618717;222562,82469;101182,619227874;15353,6635031763;0;84845,2680466188;0
"Spain";0;2813821,62486065;151757,797216733;11254422,1422962;182028,302126591;6367035,03174973;20579143,7110886;1036328,5184;19,857741387703;10,628374108454;8775300;423381,585641369;8775300;2620075,95612901;246517,09936;267820,524440354;13340880000;7553600;2365753,70569373;222588,4864;242505,126299928;143228,81104;827339,499392;612946,932758631;46509,5528509409;0;103488,482707612;0
"Estonia";0;195205,765345795;3213,76012380109;381201,78598972;4863,14429664206;73011,2487141477;696274,729880794;11077,2216935205;62,8564408246948;31,9660870554942;359900;4386,64587042868;359900;75552,1301295584;2363,50886482907;2986,02056334429;644167000;329300;72196,5339190162;2258,53523434634;2871,29901375273;1703,21442233091;6729,91042715504;6690,57582309178;564,259710708729;0;73948,5628140893;0
"Finland";0;870525,468742259;54616,9492242928;1822644,71488894;38160,8561580665;2079381,13731681;3386035,18990173;186164,9776;18,1883576253374;8,52411079823204;1318500;84857,0204493097;1318500;432095,658193591;50690,99504;52866,7551691824;1834600000;1148300;388273,505992438;45550,0304;48094,0536701274;30334,48544;145244,9488;101307,95715069;13130,0478061577;0;93656,5831669322;0
"France";0;4809463,32417028;347898,813447188;18676072,3334954;354562,825156537;13410116,3040378;25325358,5174543;1535493,1424;16,4933061686426;9,10397226853424;11991000;697716,443623049;11991000;4202813,41609101;461646,1136;468415,747036883;14736166000;10719000;3845049,62305107;422348,56496;429517,14844139;204112,25744;845654,5006784;837776,698776951;62228,7939403895;0;100439,667002349;0
"United Kingdom of Great Britain and Northern Ireland";0;3751424,01969256;302148,257245382;21857149,4758245;347811,860422248;14977714,4836831;22922046,4127459;1554653,60325;14,7441503141455;8,34612296007273;11817000;763411,592666919;11817000;4348340,07637699;521001,19986;395299,496893817;16897788000;10223000;3779784,01942366;452879,02389;344557,447750355;187043,84028;1509889,84332;791242,010583081;56734,4880706838;0;114401,332444407;0
"Greece";0;311029,865348501;19158,2073882548;2428523,24074737;43313,4186192202;462832,759160875;3721781,82149786;158905,120809628;23,4214089674092;15,5346285977499;2141210;82710,1956241825;2141210;668492,243389008;43032,393029714;46058,6038594203;2433950900;1282170;454044,484780146;29227,8944374577;33215,773546478;36390,3737824506;103405,865990736;76194,9251854453;13890,5243673671;0;96899,4102263106;0
"Croatia";0;423836,074324488;9874,50685767065;565435,638503689;12261,8682569749;-21937,5229687511;1455148,60420677;33137,5256302935;43,9124097689574;27,260330305467;948870;14533,1798948941;948870;308736,485194247;11325,4858519572;99308,8544134164;1364665000;707560;225334,457725312;8266,02081487332;73767,0333596018;1954,45751676828;26552,2304038692;18604,3457353993;1976,3031643167;0;77644,5136806975;0
"Hungary";0;1394287,59931631;37419,3069528375;1499342,92468849;38356,38090326;40864,6484436777;4571907,50772976;101684,22103835;44,9618186680653;22,4998579643362;2551290;38869,9632867076;2551290;500427,692185922;22241,3711668373;6432418,31368995;4224345000;2178890;446130,502392809;19828,14749764;5811182,7971834;13526,0689362983;117186,557736499;62814,2577516424;9042,18106038262;0;105318,015751234;0
"Indonesia";0;14065941,971587;69495,9411846719;5852163,83150664;48194,9579973596;-6754635,52980958;118884388,549845;348025,765289025;341,596514991111;283,898751041104;73649602;158543,818242308;73649602;19002962,8691583;66935,7043645711;1416587006,6713;54592002000;28705463;13015492,4841107;45845,5433015493;972284473,322285;89542,4392108814;294303,875297785;189481,947046716;17178,4932591079;0;155035,512482741;0
"India";0;31307674,560815;62447,2659622727;7942455,86879961;76287,607317776;-24313298,4888455;571673847,792199;859397,892083235;665,202757719623;692,080836778383;359419087;354530,47937136;359419087;112397330,65481;162404,916711777;13058678,8772456;368520310000;159931027;53616577,5210487;77471,5534252218;6081121,75578339;167903,752537043;909275,03206579;504867,412711876;68042,0256854838;0;127206,902682852;0
"Ireland";0;870252,039959341;83952,5567650004;1608279,79762386;47959,2197406013;3203614,03019962;2307699,16610741;185337,05232;12,4513643506263;7,72238796360817;944840;80458,3455667387;944840;317596,05120749;41126,6635015185;44314,6594869395;1380560000;750420;259734,561698838;33633,9695600428;36588,6613913134;33208,7984179346;83149,8814917552;104878,706753261;18675,5269964065;0;111056,149679844;0
"Italy";0;4515353,37608992;281839,023883917;15715234,0356541;260099,018120138;12689096,8369826;27790188,1112785;1625547,4088;17,0958951801926;10,2960980433593;11563700;642350,810689942;11563700;4006458,61450728;389123,97664;392779,007088434;14760629000;9058900;3248348,41017406;315493,15056;319070,101382568;203415,66448;1189318,0368272;983196,598110058;75993,3601049209;0;102206,437052744;0
"Japan";0;6472876,31263373;443832,249520175;42882061,145474;354463,939765009;42531020,0375794;76708770,8593493;4170477,60356783;18,3932820532893;11,3314151469081;31490943;1852285,85913368;31490943;14527299,8586146;1282037,56285273;141813934,358092;49105694000;26007875;12982753,2199803;1145730,96578522;126304892,712618;553632,29032003;5647151,96219646;2318191,74443415;327931,640475702;0;155287,671099229;0
"Republic of Korea";0;5254271,58909132;200449,105546918;13900873,9016584;163673,106271636;11165801,8774874;30512720,5816985;907764,394083086;33,613039661595;51,6694276579627;9569489;334250,05664342;9569489;11012081,7421797;213125,676852405;306231781,851147;13223479000;5787291;7437410,19012612;143942,182587346;213502972,617104;99699,8572754509;827360,496570277;573514,337439666;96123,746408041;0;193714,384329352;0
"Lithuania";0;371632,059853705;5217,9038522073;588962,320424;7407,79345837612;67320,2254441544;1564758,21284672;18763,5336662381;83,3935782395961;42,3129926134515;949510;8775,15550152942;949510;209175,857336939;4943,53730183672;6053,96365834569;1289235000;720750;176437,081098258;4169,80861434434;5219,72231235521;3518,09080972864;18613,8024273851;9988,3781647087;1493,09974659062;0;97434,8350188996;0
"Luxembourg";0;95532,1345081111;7682,31046381804;249363,706597626;10259,8038419685;-22729,7810967693;234154,77096778;18195,6671036487;12,8687104261665;17,4815379750135;123300;8752,51331287682;123300;103345,842750772;5911,71342581442;6782,78008546005;186138000;116010;98457,2028993394;5632,06755836158;6492,79143840522;2124,33242422638;15258,095550266;9443,15379077191;1301,00938402288;0;73133,6337978618;0
"Latvia";0;174758,751310702;2574,88859769596;369089,515010038;4500,91033472951;62395,9905435411;1058131,05166157;12603,646287834;83,9543595160197;43,3149925042593;563530;5042,60748993213;563530;112248,324965728;2591,44278865315;3711,04034504373;921995000;471670;102102,673138064;2357,21322422079;3396,38381631175;2091,64825175639;12222,1253335312;7561,03879790192;1320,83650481836;0;71957,777090005;0
"Mexico";0;4784827,09288192;158816,52920704;5955654,49661194;151190,912752964;1693191,174448;32907381,7104929;720330,949754864;45,6836981969075;61,2026503346699;20696996;349508,086369842;20696996;8959147,95314281;146384,967058651;2390660,01893065;30575704000;14809969;7307956,49363195;119405,88281178;1954964,49004497;190154,732995353;542031,447810249;370822,863385022;49665,3369758145;0;268921,70772908;0
"Malta";0;48604,8013442078;1875,14520818684;129292,508164247;2666,51976991546;26477,6108095221;145655,135396081;5194,99553518199;28,0375862519348;31,6905083103657;75070;2186,58130463079;75070;40871,4581395971;1289,70661307532;1440,95464515826;131425000;67600;37298,140756034;1176,94990533914;1331,1530563343;794,759892415756;4363,73189898262;3008,4142305512;324,018526183596;0;88621,7513767933;0
"Netherlands";0;5826366,93819407;202447,415688943;11998543,7555827;145349,522343657;10083450,2268916;12668724,3144547;504932,6128;25,0899308012665;40,0302366701964;3607000;232287,313622127;3607000;5786295,83812222;144548,1296;144732,183400645;4377311000;3118000;5116028,65863915;127804,1072;128078,608153453;68756,5984;448912,885232;272645,299177873;32740,5464581205;0;106984,784967731;0
"Norway";0;552424,108441959;82569,2140222751;1788030,27493132;40496,2781688334;4117652,16892522;2507971,03751737;218355,339829;11,4857325654662;42,0929924120727;1296000;125420,5611168;1296000;2551763,18115915;60622,0426473475;611867,785106524;1,601e+09;1179000;2357547,32211982;56008,0713445226;568163,916127027;57232,3834851143;264794,875303101;92934,7787122002;51534,6651391355;0;77309,8409877379;0
"Poland";0;2985615,53597378;62209,4725541862;2876309,41199886;61565,2468477061;-65175,8990603779;14418455,1355975;240547,006917417;59,940280780744;40,1793867832397;8905300;101322,871447587;8905300;2292723,6276822;57062,185643873;308132,200474774;12358689000;6058700;1890298,30499702;47046,4697531305;251188,531146077;33941,087964512;179341,378031931;139224,13546983;10744,6361879347;0;95185,6499085253;0
"Portugal";0;844325,243891262;25403,3035917452;2328840,48876159;44706,0717813616;162252,731728421;6346657,21529622;166571,263526386;38,1017534533551;25,4782294697331;2941910;70592,3653411365;2941910;1226476,19718517;48138,2035844431;49198,3870913135;4088798000;2192490;1024478,5971564;40209,9603653161;41973,9306684292;15586,4599767235;114753,032350832;95978,89818525;8245,23635826001;0;81245,6080500517;0
"Romania";0;1900788,67688017;14951,0074558382;1063628,49117204;19955,5859990335;-1179979,75110607;12672936,9820255;78196,4362580814;162,065403341393;36,4097732611998;7383600;34306,847679035;7383600;614554,981891651;16878,8467174157;129615,199141255;7596654000;3899500;521526,526682939;14323,8059446722;115807,181401166;15102,4664115759;80196,089658745;43889,5885790465;4927,76634243533;0;88800,6517896021;0
"Russian Federation";0;8602724,2715798;101421,390398984;9731852,59942659;81158,3576024439;2517170,10539056;78057892,7656736;469748,32379088;166,169603620391;145,897042182641;51816809;209751,121040183;51816809;16997247,1525833;116501,656910257;10287575,4947407;80384884000;44189848;14237752,2738219;97587,6690906344;8819474,6449418;78577,500981064;751604,691590976;259997,202750697;107445,922193227;0;132234,926194608;0
"Slovakia";0;579188,608973396;15427,5329956685;664094,835154324;17451,2152321769;-53718,4070095413;2302153,0797482;51546,7444704452;44,6614641409248;34,3823418508343;1201540;17769,7111358658;1201540;273279,256572654;7948,24441448052;11272,7828691735;1759062000;1095970;248621,258494319;7231,07400807503;10224,0051134328;7998,20178756212;79232,0379885781;33777,0333345794;4925,43115771834;0;91571,1959608363;0
"Slovenia";0;302891,608530638;10940,7889361097;495504,521143666;12042,0867097999;117172,709029141;1096650,47703789;33419,195884053;32,8149869566787;28,5454079627389;559990;14249,1069739162;559990;271284,281607636;9503,60499179943;9505,85692922144;719997000;440250;229887,257057735;8053,38838939744;8174,84972277428;3732,45111809603;35341,4388770356;19170,0889101367;1937,33545496375;0;73444,9874920833;0
"Sweden";0;1192754,8442094;102550,05318609;2972038,00017948;81922,890219747;3192268,28198617;4472225,08452743;321310,831812;13,9186875814512;34,4959971156586;2427000;155339,992238698;2427000;2992932,25859798;86761,7262537226;827213,517987046;3657970000;2306000;2845661,13126055;82492,5025857226;785783,896637791;61520,4774182774;283826,15058;165970,839573302;19147,129970764;0;84424,2588369692;0
"Turkey";0;4088950,05574531;71008,1088675041;4402113,27085942;61265,1799553343;980565,400242079;27857494,4010107;383677,587252735;72,60651997027;40,0131135683694;14286949;161139,787903179;14286949;2730416,61448789;68238,0442557286;170859,546312454;12486785000;6426548;1598424,47714259;39947,5155666504;96973,5886526656;80947,6983319667;516744,253694182;222537,799349556;44015,4284501468;0;112624,850568922;0
"Taiwan";0;5775248,57225939;149468,867024047;8243418,50610879;120772,999655892;4433870,88048438;21166839,4973283;413490,092393515;51,1906811957758;52,2314789000096;9018385;149339,935467258;9018385;13026273,5288049;249395,07368233;8942837,03882187;7966211000;3691089;4157783,27509297;79603,0164692925;2622082,40060549;-108733,705590053;386111,621681337;264150,156926257;67172,2643267653;0;193133,249818358;0
"United States";0;7758223,00931591;610371,789565843;100818615,473712;1157611,35575461;55573833,180703;116272878,702718;7840931,05260077;14,8289632854444;89,9292990378467;48458697;3640433,99360805;48458697;210889505,35394;2345058,92529183;2801646,2422831;81144629000;43952126;195055253,931868;2168984,48023908;2576631,59665733;1267382,99106134;6846023,07569109;4200497,05899272;380921,29901182;0;114007,074580438;0
"Rest of World";0;218565440,640162;1083993,80549307;59999092,1502583;1052241,00902323;-156391244,274433;1380127159,22158;4845151,40934437;284,847065162889;62,1080141856613;887418788,52981;1888201,339026;887418788,52981;0;0;0;0;0;0;0;0;0;0;2956950,07031837;133522,950774739;0;145543,969401147;0
